load_dataset,clean_text,compute_stats,process_labels,split_dataset,tokenize,pad_sequences,save_data,total_runtime
0.2759830951690674,0.49088191986083984,0.7321109771728516,0.0022857189178466797,0.03164482116699219,2.316138982772827,0.20094704627990723,0.07071399688720703,4.120905876159668
